_id,age,sex,bmi,children,smoker,region,charges,Response
69fd81e209fdea74d3d20219,56,female,31.89826715929151,3,no,southeast,29220.304187646147,1
69fd81e209fdea74d3d2021a,69,female,35.86548259278382,3,no,northeast,36850.74000968237,1
69fd81e209fdea74d3d2021b,46,female,19.17994363217627,2,yes,southwest,7256.796741700814,1
69fd81e209fdea74d3d2021c,32,female,33.132521378334516,0,no,northwest,13250.80601158913,1
69fd81e209fdea74d3d2021d,60,male,31.195232739050194,2,no,northeast,29446.65660485158,0
69fd81e209fdea74d3d2021e,25,female,21.091836742043082,0,no,southwest,43488.71375327638,1
69fd81e209fdea74d3d2021f,78,male,43.28560711673943,4,yes,southeast,28531.46791504491,1
69fd81e209fdea74d3d20220,38,female,32.96596399465608,1,no,southeast,12691.24612972667,1
69fd81e209fdea74d3d20221,56,female,35.84354799119114,1,yes,southwest,34312.39421511204,1
69fd81e209fdea74d3d20222,75,male,41.41403517045773,1,no,northwest,37255.52926192135,1
69fd81e209fdea74d3d20223,36,female,33.7306214440138,2,yes,southeast,12673.571467794993,1
69fd81e209fdea74d3d20224,40,male,23.86901057513142,4,yes,southeast,19508.71542263845,1
69fd81e209fdea74d3d20225,28,female,18.164827794908117,0,no,southeast,27182.046202997608,1
69fd81e209fdea74d3d20226,28,female,28.696037114487307,3,yes,southwest,25331.49834347081,1
69fd81e209fdea74d3d20227,41,male,21.553213116505006,0,no,northeast,20091.28622474097,1
69fd81e209fdea74d3d20228,70,female,27.495298436110986,3,no,southeast,15584.123550956232,1
69fd81e209fdea74d3d20229,53,male,41.49840776756605,0,no,northeast,5899.259470931305,0
69fd81e209fdea74d3d2022a,57,female,24.73035063015822,4,yes,northwest,3620.779540621076,0
69fd81e209fdea74d3d2022b,41,male,18.6626386410202,3,yes,southeast,47968.533347276716,1
69fd81e209fdea74d3d2022c,20,male,25.688935142309248,2,no,southeast,42510.0140606839,1
69fd81e209fdea74d3d2022d,39,female,42.20485324637262,0,no,northwest,18390.35433267331,0
69fd81e209fdea74d3d2022e,70,female,23.16396748153906,0,yes,southeast,47883.24337119636,1
69fd81e209fdea74d3d2022f,19,male,34.43070361624087,3,no,northeast,34161.725316790864,0
69fd81e209fdea74d3d20230,41,female,15.015611309859475,2,no,southwest,24643.526532489483,0
69fd81e209fdea74d3d20231,61,female,25.577065690025073,2,no,northeast,25158.257230818443,0
69fd81e209fdea74d3d20232,47,female,24.143437744740872,4,yes,southwest,5080.936148567723,0
69fd81e209fdea74d3d20233,55,male,19.939675594288254,2,yes,southwest,5493.503215665573,0
69fd81e209fdea74d3d20234,19,male,31.022682581263258,2,yes,northeast,30519.60536915483,1
69fd81e209fdea74d3d20235,77,male,29.544899140769495,2,no,northeast,28131.449564944236,0
69fd81e209fdea74d3d20236,38,male,35.77308098670811,1,no,northeast,11423.66685618722,1
69fd81e209fdea74d3d20237,50,male,23.082370013955646,4,no,northeast,47363.53260120282,1
69fd81e209fdea74d3d20238,29,male,22.323765667433225,0,yes,northwest,39283.50647308893,0
69fd81e209fdea74d3d20239,75,male,20.048731265187918,3,no,southeast,6559.765498854953,0
69fd81e209fdea74d3d2023a,39,male,21.56292658719211,0,no,southwest,46615.52617867733,1
69fd81e209fdea74d3d2023b,78,male,31.743060060520236,4,no,northeast,48738.1622181861,0
69fd81e209fdea74d3d2023c,61,female,27.115085131741225,3,no,northeast,49800.630859486126,0
69fd81e209fdea74d3d2023d,42,male,16.94676741326945,4,yes,northeast,3737.6865791901523,1
69fd81e209fdea74d3d2023e,66,female,22.617462418030343,2,yes,northwest,37114.742282759435,1
69fd81e209fdea74d3d2023f,44,female,22.406281885158037,3,no,northeast,27749.872738084458,0
69fd81e209fdea74d3d20240,76,female,35.889128185193655,2,yes,northeast,35585.74271005603,1
69fd81e209fdea74d3d20241,59,male,36.36811769773326,0,yes,northeast,48463.94525473261,0
69fd81e209fdea74d3d20242,45,male,19.442607898602,0,no,southeast,34713.47049857691,0
69fd81e209fdea74d3d20243,77,male,44.932214551468256,3,no,northwest,42011.22983763132,0
69fd81e209fdea74d3d20244,33,male,23.00343042825855,3,yes,northeast,43476.56656023123,1
69fd81e209fdea74d3d20245,32,female,44.29844867497958,4,no,southwest,42085.55742443527,1
69fd81e209fdea74d3d20246,79,male,27.331110399546937,4,yes,southwest,21878.482277300114,1
69fd81e209fdea74d3d20247,79,male,15.991521987016451,2,no,southwest,11906.244460980495,1
69fd81e209fdea74d3d20248,64,male,25.35213744080049,3,yes,northwest,20435.92849575834,1
69fd81e209fdea74d3d20249,79,male,34.03054034104092,0,no,northwest,44702.94853006206,0
69fd81e209fdea74d3d2024a,68,male,35.421163546643,4,yes,southwest,8183.636262909249,0
69fd81e209fdea74d3d2024b,61,female,30.92803749951409,4,yes,northeast,26152.98226592725,0
69fd81e209fdea74d3d2024c,72,male,28.433494937192748,0,yes,northwest,12428.175548801863,0
69fd81e209fdea74d3d2024d,69,female,31.58679267213984,4,no,southwest,29483.965444112335,1
69fd81e209fdea74d3d2024e,74,male,32.780901716381805,2,yes,southwest,43293.78757746119,0
69fd81e209fdea74d3d2024f,20,female,17.425599789981458,3,yes,northeast,44137.63846328243,1
69fd81e209fdea74d3d20250,54,male,26.089633681842134,0,no,southeast,12597.574490421859,0
69fd81e209fdea74d3d20251,68,male,22.264798148322775,3,no,northwest,45476.99161107877,1
69fd81e209fdea74d3d20252,24,female,39.09419269139688,4,yes,northeast,30002.54820224293,1
69fd81e209fdea74d3d20253,38,female,29.109019033381152,4,yes,southwest,18160.694088315362,0
69fd81e209fdea74d3d20254,26,female,44.50269422684529,0,no,southwest,35700.87858357679,0
69fd81e209fdea74d3d20255,56,male,26.96473327333659,2,no,northeast,24601.68241024165,0
69fd81e209fdea74d3d20256,35,female,39.49295619658152,1,no,northwest,19521.39191599047,0
69fd81e209fdea74d3d20257,21,male,38.95035374953653,0,no,southeast,35549.13385053633,1
69fd81e209fdea74d3d20258,42,male,19.521526318962884,1,no,southeast,13187.48356708411,0
69fd81e209fdea74d3d20259,77,female,30.24596330222156,1,yes,southwest,17182.373921935825,0
69fd81e209fdea74d3d2025a,31,female,35.87438420372646,2,no,northwest,22288.140379925295,1
69fd81e209fdea74d3d2025b,67,male,40.75076414441159,1,yes,southeast,13430.426519783798,0
69fd81e209fdea74d3d2025c,75,male,24.778767156056542,1,yes,northwest,20854.902252289437,0
69fd81e209fdea74d3d2025d,26,female,21.60723142696645,2,yes,northwest,29002.17823504552,0
69fd81e209fdea74d3d2025e,43,female,36.33448597314053,1,no,southwest,37307.71918462274,0
69fd81e209fdea74d3d2025f,70,female,39.28503138419146,1,yes,southeast,38592.54780232001,0
69fd81e209fdea74d3d20260,19,male,25.45997961875188,1,yes,northeast,41316.72724195796,1
69fd81e209fdea74d3d20261,37,male,17.885296532742622,0,no,southwest,37466.3711902216,0
69fd81e209fdea74d3d20262,45,male,43.21569793468812,0,yes,southeast,34370.93192774854,0
69fd81e209fdea74d3d20263,64,male,26.92716063262567,0,yes,southeast,12637.817093331027,0
69fd81e209fdea74d3d20264,77,male,30.5325405158244,2,no,southeast,20610.921750729216,0
69fd81e209fdea74d3d20265,24,male,40.131303177219834,4,yes,southeast,24408.029653131154,0
69fd81e209fdea74d3d20266,61,female,35.270703511178425,1,yes,southeast,5061.674762974357,1
69fd81e209fdea74d3d20267,78,male,37.05648357722316,1,yes,northwest,26890.13594356325,0
69fd81e209fdea74d3d20268,25,male,21.27214862213141,2,no,southwest,22380.455748721244,1
69fd81e209fdea74d3d20269,64,male,31.243439214826974,1,no,northwest,40303.35320230997,1
69fd81e209fdea74d3d2026a,52,female,35.87353198035247,0,no,northeast,48917.13276895927,0
69fd81e209fdea74d3d2026b,31,male,21.85650065391899,4,yes,southeast,28244.24689348664,0
69fd81e209fdea74d3d2026c,34,male,20.248647812878087,3,yes,southwest,16811.6330256016,0
69fd81e209fdea74d3d2026d,53,female,44.46505029988307,1,no,southeast,3126.6383816104653,0
69fd81e209fdea74d3d2026e,67,male,30.499076738130427,0,yes,southwest,46307.5231809562,1
69fd81e209fdea74d3d2026f,57,male,22.82487524491227,3,yes,northwest,46036.67004865431,0
69fd81e209fdea74d3d20270,21,male,44.887610992737734,4,no,southwest,13396.518231472815,0
69fd81e209fdea74d3d20271,19,male,43.96258053866381,3,no,northeast,35075.14503222573,0
69fd81e209fdea74d3d20272,79,male,31.748803608212928,0,yes,northeast,4696.292807398694,0
69fd81e209fdea74d3d20273,23,female,41.479090295680194,3,yes,southwest,9144.556163553392,0
69fd81e209fdea74d3d20274,71,female,20.66121325024138,2,yes,southwest,11623.646222738069,0
69fd81e209fdea74d3d20275,59,female,23.366140577765456,3,no,southwest,15430.203395132063,1
69fd81e209fdea74d3d20276,21,male,36.010734899183134,1,no,southwest,49795.73737643917,1
69fd81e209fdea74d3d20277,71,male,40.399834267149174,1,no,northeast,35149.32773732692,0
69fd81e209fdea74d3d20278,46,male,40.689728756342774,2,no,southeast,19825.889737581776,0
69fd81e209fdea74d3d20279,35,female,27.135243813665703,0,yes,southwest,37117.93458630794,0
69fd81e209fdea74d3d2027a,43,male,41.633102962828794,1,no,southwest,45847.462741786214,1
69fd81e209fdea74d3d2027b,61,male,40.52785346302538,4,no,northeast,47976.417962984466,0
69fd81e209fdea74d3d2027c,51,female,43.06904982662843,1,no,northeast,3835.3309901276625,1
