_id,age,sex,bmi,children,smoker,region,charges,Response
69fd81e209fdea74d3d20252,24,female,39.09419269139688,4,yes,northeast,30002.54820224293,1
69fd81e209fdea74d3d20273,23,female,41.479090295680194,3,yes,southwest,9144.556163553392,0
69fd81e209fdea74d3d2023b,78,male,31.743060060520236,4,no,northeast,48738.1622181861,0
69fd81e209fdea74d3d20249,79,male,34.03054034104092,0,no,northwest,44702.94853006206,0
69fd81e209fdea74d3d2026a,52,female,35.87353198035247,0,no,northeast,48917.13276895927,0
69fd81e209fdea74d3d20275,59,female,23.366140577765456,3,no,southwest,15430.203395132063,1
69fd81e209fdea74d3d20277,71,male,40.399834267149174,1,no,northeast,35149.32773732692,0
69fd81e209fdea74d3d2021f,78,male,43.28560711673943,4,yes,southeast,28531.46791504491,1
69fd81e209fdea74d3d2023d,42,male,16.94676741326945,4,yes,northeast,3737.6865791901523,1
69fd81e209fdea74d3d2023c,61,female,27.115085131741225,3,no,northeast,49800.630859486126,0
69fd81e209fdea74d3d20264,77,male,30.5325405158244,2,no,southeast,20610.921750729216,0
69fd81e209fdea74d3d20240,76,female,35.889128185193655,2,yes,northeast,35585.74271005603,1
69fd81e209fdea74d3d20243,77,male,44.932214551468256,3,no,northwest,42011.22983763132,0
69fd81e209fdea74d3d20248,64,male,25.35213744080049,3,yes,northwest,20435.92849575834,1
69fd81e209fdea74d3d2026c,34,male,20.248647812878087,3,yes,southwest,16811.6330256016,0
69fd81e209fdea74d3d20221,56,female,35.84354799119114,1,yes,southwest,34312.39421511204,1
69fd81e209fdea74d3d2022e,70,female,23.16396748153906,0,yes,southeast,47883.24337119636,1
69fd81e209fdea74d3d2027c,51,female,43.06904982662843,1,no,northeast,3835.3309901276625,1
69fd81e209fdea74d3d20244,33,male,23.00343042825855,3,yes,northeast,43476.56656023123,1
69fd81e209fdea74d3d2025e,43,female,36.33448597314053,1,no,southwest,37307.71918462274,0
69fd81e209fdea74d3d20234,19,male,31.022682581263258,2,yes,northeast,30519.60536915483,1
69fd81e209fdea74d3d20246,79,male,27.331110399546937,4,yes,southwest,21878.482277300114,1
69fd81e209fdea74d3d2022d,39,female,42.20485324637262,0,no,northwest,18390.35433267331,0
69fd81e209fdea74d3d2026b,31,male,21.85650065391899,4,yes,southeast,28244.24689348664,0
69fd81e209fdea74d3d2022b,41,male,18.6626386410202,3,yes,southeast,47968.533347276716,1
